{
  "ahn4_138m": {
    "dimensional_compressed": {
      "duration": 1668.8091405866664
    },
    "uncompressed_attribute_index": {
      "duration": 1651.740536054
    },
    "compressed_attribute_index": {
      "duration": 1664.1280783583334
    }
  }
}